"API Name","On Demand","RHEL On Demand cost"
"t4g.nano","$0.0042 hourly","unavailable"
"t3a.nano","$0.0047 hourly","unavailable"
"t3.nano","$0.0052 hourly","unavailable"
"t2.nano","$0.0058 hourly","unavailable"
"t4g.micro","$0.0084 hourly","$0.1034 hourly"
"t3a.micro","$0.0094 hourly","$0.0694 hourly"
"t3.micro","$0.0104 hourly","$0.1054 hourly"
"t2.micro","$0.0116 hourly","$0.0716 hourly"
"t4g.small","$0.0168 hourly","$0.1118 hourly"
"t3a.small","$0.0188 hourly","$0.0788 hourly"
"t1.micro","$0.0200 hourly","$0.0800 hourly"
"t3.small","$0.0208 hourly","$0.1158 hourly"
"t2.small","$0.0230 hourly","$0.0830 hourly"
"a1.medium","$0.0255 hourly","$0.1205 hourly"
"t4g.medium","$0.0336 hourly","$0.0936 hourly"
"c6g.medium","$0.0340 hourly","$0.0940 hourly"
"c7g.medium","$0.0363 hourly","$0.0963 hourly"
"t3a.medium","$0.0376 hourly","$0.0976 hourly"
"c6gd.medium","$0.0384 hourly","$0.1334 hourly"
"m6g.medium","$0.0385 hourly","$0.0985 hourly"
"m7g.medium","$0.0408 hourly","$0.1008 hourly"
"t3.medium","$0.0416 hourly","$0.1366 hourly"
"c6gn.medium","$0.0432 hourly","$0.1382 hourly"
"m1.small","$0.0440 hourly","$0.1040 hourly"
"m6gd.medium","$0.0452 hourly","$0.1052 hourly"
"c7gd.medium","$0.0454 hourly","$0.1054 hourly"
"t2.medium","$0.0464 hourly","$0.1064 hourly"
"r6g.medium","$0.0504 hourly","$0.1454 hourly"
"a1.large","$0.0510 hourly","$0.1460 hourly"
"m7gd.medium","$0.0534 hourly","$0.1484 hourly"
"r7g.medium","$0.0536 hourly","$0.1136 hourly"
"r6gd.medium","$0.0576 hourly","$0.1176 hourly"
"m7a.medium","$0.0580 hourly","$0.1530 hourly"
"c7gn.medium","$0.0624 hourly","$0.1224 hourly"
"m3.medium","$0.0670 hourly","$0.1270 hourly"
"t4g.large","$0.0672 hourly","$0.1272 hourly"
"r7gd.medium","$0.0680 hourly","$0.1280 hourly"
"c6g.large","$0.0680 hourly","$0.1630 hourly"
"c7g.large","$0.0725 hourly","$0.1675 hourly"
"t3a.large","$0.0752 hourly","$0.1352 hourly"
"c6a.large","$0.0765 hourly","$0.1715 hourly"
"c6gd.large","$0.0768 hourly","$0.1718 hourly"
"m6g.large","$0.0770 hourly","$0.1720 hourly"
"c5a.large","$0.0770 hourly","$0.1720 hourly"
"m7g.large","$0.0816 hourly","$0.1416 hourly"
"t3.large","$0.0832 hourly","$0.1782 hourly"
"x2gd.medium","$0.0835 hourly","$0.1435 hourly"
"c5.large","$0.0850 hourly","$0.1800 hourly"
"c6i.large","$0.0850 hourly","$0.1800 hourly"
"m5a.large","$0.0860 hourly","$0.1810 hourly"
"c5ad.large","$0.0860 hourly","$0.1810 hourly"
"m6a.large","$0.0864 hourly","$0.1464 hourly"
"c6gn.large","$0.0864 hourly","$0.1814 hourly"
"m1.medium","$0.0870 hourly","$0.1470 hourly"
"m6gd.large","$0.0904 hourly","$0.1504 hourly"
"c7gd.large","$0.0907 hourly","$0.1507 hourly"
"t2.large","$0.0928 hourly","$0.1878 hourly"
"m7i-flex.large","$0.0958 hourly","$0.1908 hourly"
"m6i.large","$0.0960 hourly","$0.1910 hourly"
"m5.large","$0.0960 hourly","$0.1560 hourly"
"c5d.large","$0.0960 hourly","$0.1910 hourly"
"m4.large","$0.1000 hourly","$0.1600 hourly"
"c4.large","$0.1000 hourly","$0.1600 hourly"
"m7i.large","$0.1008 hourly","$0.1958 hourly"
"c6id.large","$0.1008 hourly","$0.1958 hourly"
"r6g.large","$0.1008 hourly","$0.1608 hourly"
"a1.xlarge","$0.1020 hourly","$0.1620 hourly"
"m5ad.large","$0.1030 hourly","$0.1630 hourly"
"c3.large","$0.1050 hourly","$0.2000 hourly"
"m7gd.large","$0.1068 hourly","$0.1668 hourly"
"r7g.large","$0.1071 hourly","$0.1671 hourly"
"c5n.large","$0.1080 hourly","$0.2030 hourly"
"m5d.large","$0.1130 hourly","$0.2080 hourly"
"r5a.large","$0.1130 hourly","$0.1730 hourly"
"r6a.large","$0.1134 hourly","$0.2084 hourly"
"c6in.large","$0.1134 hourly","$0.2084 hourly"
"r6gd.large","$0.1152 hourly","$0.1752 hourly"
"m7a.large","$0.1159 hourly","$0.2109 hourly"
"m6id.large","$0.1187 hourly","$0.1787 hourly"
"m5n.large","$0.1190 hourly","$0.1790 hourly"
"c7gn.large","$0.1248 hourly","$0.1848 hourly"
"r6i.large","$0.1260 hourly","$0.2210 hourly"
"r5.large","$0.1260 hourly","$0.2210 hourly"
"c1.medium","$0.1300 hourly","$0.1900 hourly"
"r5ad.large","$0.1310 hourly","$0.2260 hourly"
"m3.large","$0.1330 hourly","$0.1930 hourly"
"r4.large","$0.1330 hourly","$0.1930 hourly"
"t4g.xlarge","$0.1344 hourly","$0.2294 hourly"
"m5dn.large","$0.1360 hourly","$0.1960 hourly"
"c6g.xlarge","$0.1360 hourly","$0.2310 hourly"
"r7gd.large","$0.1361 hourly","$0.1961 hourly"
"m6in.large","$0.1392 hourly","$0.2342 hourly"
"r5d.large","$0.1440 hourly","$0.2040 hourly"
"is4gen.medium","$0.1441 hourly","$0.2041 hourly"
"c7g.xlarge","$0.1450 hourly","$0.2400 hourly"
"r5b.large","$0.1490 hourly","$0.2090 hourly"
"r5n.large","$0.1490 hourly","$0.2440 hourly"
"t3a.xlarge","$0.1504 hourly","$0.2454 hourly"
"r6id.large","$0.1512 hourly","$0.2462 hourly"
"c6a.xlarge","$0.1530 hourly","$0.2130 hourly"
"c6gd.xlarge","$0.1536 hourly","$0.2136 hourly"
"c5a.xlarge","$0.1540 hourly","$0.2490 hourly"
"m6g.xlarge","$0.1540 hourly","$0.2140 hourly"
"i4g.large","$0.1544 hourly","$0.2144 hourly"
"i3.large","$0.1560 hourly","$0.2510 hourly"
"m6idn.large","$0.1591 hourly","$0.2541 hourly"
"m7g.xlarge","$0.1632 hourly","$0.2582 hourly"
"m5zn.large","$0.1652 hourly","$0.2252 hourly"
"r3.large","$0.1660 hourly","$0.2610 hourly"
"t3.xlarge","$0.1664 hourly","$0.2614 hourly"
"r5dn.large","$0.1670 hourly","$0.2620 hourly"
"x2gd.large","$0.1670 hourly","$0.2270 hourly"
"c5.xlarge","$0.1700 hourly","$0.2650 hourly"
"c6i.xlarge","$0.1700 hourly","$0.2650 hourly"
"i4i.large","$0.1720 hourly","$0.2320 hourly"
"c5ad.xlarge","$0.1720 hourly","$0.2320 hourly"
"m5a.xlarge","$0.1720 hourly","$0.2320 hourly"
"m6a.xlarge","$0.1728 hourly","$0.2328 hourly"
"c6gn.xlarge","$0.1728 hourly","$0.2678 hourly"
"r6in.large","$0.1743 hourly","$0.2693 hourly"
"m1.large","$0.1750 hourly","$0.2350 hourly"
"m6gd.xlarge","$0.1808 hourly","$0.2758 hourly"
"c7gd.xlarge","$0.1814 hourly","$0.2414 hourly"
"im4gn.large","$0.1819 hourly","$0.2419 hourly"
"t2.xlarge","$0.1856 hourly","$0.2456 hourly"
"z1d.large","$0.1860 hourly","$0.2460 hourly"
"m7i-flex.xlarge","$0.1915 hourly","$0.2865 hourly"
"c5d.xlarge","$0.1920 hourly","$0.2520 hourly"
"m6i.xlarge","$0.1920 hourly","$0.2870 hourly"
"m5.xlarge","$0.1920 hourly","$0.2520 hourly"
"r6idn.large","$0.1954 hourly","$0.2554 hourly"
"c4.xlarge","$0.1990 hourly","$0.2590 hourly"
"m4.xlarge","$0.2000 hourly","$0.2600 hourly"
"m7i.xlarge","$0.2016 hourly","$0.2616 hourly"
"c6id.xlarge","$0.2016 hourly","$0.2616 hourly"
"r6g.xlarge","$0.2016 hourly","$0.2966 hourly"
"a1.2xlarge","$0.2040 hourly","$0.3340 hourly"
"m5ad.xlarge","$0.2060 hourly","$0.2660 hourly"
"c3.xlarge","$0.2100 hourly","$0.3050 hourly"
"m7gd.xlarge","$0.2136 hourly","$0.2736 hourly"
"r7g.xlarge","$0.2142 hourly","$0.2742 hourly"
"c5n.xlarge","$0.2160 hourly","$0.2760 hourly"
"i3en.large","$0.2260 hourly","$0.2860 hourly"
"m5d.xlarge","$0.2260 hourly","$0.2860 hourly"
"r5a.xlarge","$0.2260 hourly","$0.3210 hourly"
"c6in.xlarge","$0.2268 hourly","$0.2868 hourly"
"r6a.xlarge","$0.2268 hourly","$0.3218 hourly"
"inf1.xlarge","$0.2280 hourly","$0.3230 hourly"
"r6gd.xlarge","$0.2304 hourly","$0.3254 hourly"
"m7a.xlarge","$0.2318 hourly","$0.2918 hourly"
"m6id.xlarge","$0.2373 hourly","$0.2973 hourly"
"m5n.xlarge","$0.2380 hourly","$0.3330 hourly"
"m2.xlarge","$0.2450 hourly","$0.3050 hourly"
"c7gn.xlarge","$0.2496 hourly","$0.3446 hourly"
"r5.xlarge","$0.2520 hourly","$0.3120 hourly"
"r6i.xlarge","$0.2520 hourly","$0.3470 hourly"
"r5ad.xlarge","$0.2620 hourly","$0.3570 hourly"
"m3.xlarge","$0.2660 hourly","$0.3260 hourly"
"r4.xlarge","$0.2660 hourly","$0.3610 hourly"
"t4g.2xlarge","$0.2688 hourly","$0.3988 hourly"
"m5dn.xlarge","$0.2720 hourly","$0.3320 hourly"
"c6g.2xlarge","$0.2720 hourly","$0.4370 hourly"
"r7gd.xlarge","$0.2722 hourly","$0.3322 hourly"
"m6in.xlarge","$0.2785 hourly","$0.3735 hourly"
"r5d.xlarge","$0.2880 hourly","$0.3830 hourly"
"is4gen.large","$0.2882 hourly","$0.3482 hourly"
"c7g.2xlarge","$0.2900 hourly","$0.4200 hourly"
"r5b.xlarge","$0.2980 hourly","$0.3930 hourly"
"r5n.xlarge","$0.2980 hourly","$0.3580 hourly"
"t3a.2xlarge","$0.3008 hourly","$0.4658 hourly"
"r6id.xlarge","$0.3024 hourly","$0.3974 hourly"
"c6a.2xlarge","$0.3060 hourly","$0.4710 hourly"
"c6gd.2xlarge","$0.3072 hourly","$0.4372 hourly"
"m6g.2xlarge","$0.3080 hourly","$0.4730 hourly"
"c5a.2xlarge","$0.3080 hourly","$0.4730 hourly"
"i4g.xlarge","$0.3089 hourly","$0.3689 hourly"
"i3.xlarge","$0.3120 hourly","$0.4070 hourly"
"m6idn.xlarge","$0.3182 hourly","$0.3782 hourly"
"m7g.2xlarge","$0.3264 hourly","$0.4914 hourly"
"m5zn.xlarge","$0.3303 hourly","$0.4253 hourly"
"t3.2xlarge","$0.3328 hourly","$0.4978 hourly"
"r3.xlarge","$0.3330 hourly","$0.3930 hourly"
"r5dn.xlarge","$0.3340 hourly","$0.3940 hourly"
"x2gd.xlarge","$0.3340 hourly","$0.3940 hourly"
"c6i.2xlarge","$0.3400 hourly","$0.5050 hourly"
"c5.2xlarge","$0.3400 hourly","$0.4700 hourly"
"i4i.xlarge","$0.3430 hourly","$0.4030 hourly"
"m5a.2xlarge","$0.3440 hourly","$0.4740 hourly"
"c5ad.2xlarge","$0.3440 hourly","$0.4740 hourly"
"c6gn.2xlarge","$0.3456 hourly","$0.4756 hourly"
"m6a.2xlarge","$0.3456 hourly","$0.4756 hourly"
"r6in.xlarge","$0.3487 hourly","$0.4437 hourly"
"m1.xlarge","$0.3500 hourly","$0.4100 hourly"
"m6gd.2xlarge","$0.3616 hourly","$0.5266 hourly"
"inf1.2xlarge","$0.3620 hourly","$0.4920 hourly"
"c7gd.2xlarge","$0.3629 hourly","$0.5279 hourly"
"im4gn.xlarge","$0.3638 hourly","$0.4238 hourly"
"t2.2xlarge","$0.3712 hourly","$0.5012 hourly"
"z1d.xlarge","$0.3720 hourly","$0.4320 hourly"
"g4ad.xlarge","$0.3785 hourly","$0.4735 hourly"
"m7i-flex.2xlarge","$0.3830 hourly","$0.5130 hourly"
"c5d.2xlarge","$0.3840 hourly","$0.5490 hourly"
"m5.2xlarge","$0.3840 hourly","$0.5140 hourly"
"m6i.2xlarge","$0.3840 hourly","$0.5140 hourly"
"r6idn.xlarge","$0.3908 hourly","$0.4508 hourly"
"c4.2xlarge","$0.3980 hourly","$0.5650 hourly"
"m4.2xlarge","$0.4000 hourly","$0.5300 hourly"
"c6id.2xlarge","$0.4032 hourly","$0.5332 hourly"
"r6g.2xlarge","$0.4032 hourly","$0.5682 hourly"
"m7i.2xlarge","$0.4032 hourly","$0.5332 hourly"
"a1.metal","$0.4080 hourly","$0.5730 hourly"
"a1.4xlarge","$0.4080 hourly","$0.5730 hourly"
"m5ad.2xlarge","$0.4120 hourly","$0.5770 hourly"
"c3.2xlarge","$0.4200 hourly","$0.5850 hourly"
"g5g.xlarge","$0.4200 hourly","$0.4800 hourly"
"m7gd.2xlarge","$0.4271 hourly","$0.5571 hourly"
"r7g.2xlarge","$0.4284 hourly","$0.5584 hourly"
"c5n.2xlarge","$0.4320 hourly","$0.5970 hourly"
"i3en.xlarge","$0.4520 hourly","$0.5470 hourly"
"m5d.2xlarge","$0.4520 hourly","$0.6170 hourly"
"r5a.2xlarge","$0.4520 hourly","$0.5820 hourly"
"c6in.2xlarge","$0.4536 hourly","$0.5836 hourly"
"r6a.2xlarge","$0.4536 hourly","$0.5836 hourly"
"r6gd.2xlarge","$0.4608 hourly","$0.5908 hourly"
"m7a.2xlarge","$0.4637 hourly","$0.6287 hourly"
"h1.2xlarge","$0.4680 hourly","$0.5980 hourly"
"m6id.2xlarge","$0.4746 hourly","$0.6046 hourly"
"m5n.2xlarge","$0.4760 hourly","$0.6410 hourly"
"m2.2xlarge","$0.4900 hourly","$0.5500 hourly"
"d3.xlarge","$0.4990 hourly","$0.5940 hourly"
"c7gn.2xlarge","$0.4992 hourly","$0.6642 hourly"
"r5.2xlarge","$0.5040 hourly","$0.6340 hourly"
"r6i.2xlarge","$0.5040 hourly","$0.6340 hourly"
"c1.xlarge","$0.5200 hourly","$0.6500 hourly"
"r5ad.2xlarge","$0.5240 hourly","$0.6890 hourly"
"d3en.xlarge","$0.5260 hourly","$0.5860 hourly"
"g4dn.xlarge","$0.5260 hourly","$0.5860 hourly"
"m3.2xlarge","$0.5320 hourly","$0.6620 hourly"
"r4.2xlarge","$0.5320 hourly","$0.6620 hourly"
"g4ad.2xlarge","$0.5412 hourly","$0.7062 hourly"
"c6g.4xlarge","$0.5440 hourly","$0.6740 hourly"
"m5dn.2xlarge","$0.5440 hourly","$0.7090 hourly"
"r7gd.2xlarge","$0.5443 hourly","$0.6743 hourly"
"g5g.2xlarge","$0.5560 hourly","$0.6860 hourly"
"m6in.2xlarge","$0.5569 hourly","$0.7219 hourly"
"r5d.2xlarge","$0.5760 hourly","$0.7410 hourly"
"is4gen.xlarge","$0.5763 hourly","$0.6713 hourly"
"c7g.4xlarge","$0.5800 hourly","$0.7100 hourly"
"r5n.2xlarge","$0.5960 hourly","$0.7610 hourly"
"r5b.2xlarge","$0.5960 hourly","$0.7610 hourly"
"r6id.2xlarge","$0.6048 hourly","$0.7348 hourly"
"c6a.4xlarge","$0.6120 hourly","$0.7770 hourly"
"c6gd.4xlarge","$0.6144 hourly","$0.7794 hourly"
"c5a.4xlarge","$0.6160 hourly","$0.7810 hourly"
"m6g.4xlarge","$0.6160 hourly","$0.7460 hourly"
"i4g.2xlarge","$0.6178 hourly","$0.7478 hourly"
"i3.2xlarge","$0.6240 hourly","$0.7540 hourly"
"m6idn.2xlarge","$0.6365 hourly","$0.7665 hourly"
"g2.2xlarge","$0.6500 hourly","$0.7800 hourly"
"vt1.3xlarge","$0.6500 hourly","$0.7800 hourly"
"m7g.4xlarge","$0.6528 hourly","$0.8178 hourly"
"m5zn.2xlarge","$0.6607 hourly","$0.7907 hourly"
"r3.2xlarge","$0.6650 hourly","$0.8290 hourly"
"x2gd.2xlarge","$0.6680 hourly","$0.7980 hourly"
"r5dn.2xlarge","$0.6680 hourly","$0.7980 hourly"
"c5.4xlarge","$0.6800 hourly","$0.8450 hourly"
"c6i.4xlarge","$0.6800 hourly","$0.8450 hourly"
"i4i.2xlarge","$0.6860 hourly","$0.8160 hourly"
"m5a.4xlarge","$0.6880 hourly","$0.8530 hourly"
"c5ad.4xlarge","$0.6880 hourly","$0.8180 hourly"
"d2.xlarge","$0.6900 hourly","$0.7850 hourly"
"m6a.4xlarge","$0.6912 hourly","$0.8562 hourly"
"c6gn.4xlarge","$0.6912 hourly","$0.8212 hourly"
"r6in.2xlarge","$0.6973 hourly","$0.8273 hourly"
"m6gd.4xlarge","$0.7232 hourly","$0.8882 hourly"
"c7gd.4xlarge","$0.7258 hourly","$0.8908 hourly"
"im4gn.2xlarge","$0.7276 hourly","$0.8926 hourly"
"z1d.2xlarge","$0.7440 hourly","$0.9090 hourly"
"g3s.xlarge","$0.7500 hourly","$0.8100 hourly"
"g4dn.2xlarge","$0.7520 hourly","$0.8820 hourly"
"inf2.xlarge","$0.7582 hourly","$0.8182 hourly"
"m7i-flex.4xlarge","$0.7661 hourly","$0.9311 hourly"
"m5.4xlarge","$0.7680 hourly","$0.8980 hourly"
"m6i.4xlarge","$0.7680 hourly","$0.8980 hourly"
"c5d.4xlarge","$0.7680 hourly","$0.8980 hourly"
"r6idn.2xlarge","$0.7816 hourly","$0.9466 hourly"
"c4.4xlarge","$0.7960 hourly","$0.9650 hourly"
"m4.4xlarge","$0.8000 hourly","$0.9650 hourly"
"c6id.4xlarge","$0.8064 hourly","$0.9714 hourly"
"m7i.4xlarge","$0.8064 hourly","$0.9364 hourly"
"r6g.4xlarge","$0.8064 hourly","$0.9364 hourly"
"m5ad.4xlarge","$0.8240 hourly","$0.9540 hourly"
"g5g.4xlarge","$0.8280 hourly","$0.9580 hourly"
"x2iedn.xlarge","$0.8336 hourly","$0.9286 hourly"
"x1e.xlarge","$0.8340 hourly","$0.9290 hourly"
"c3.4xlarge","$0.8400 hourly","$1.0050 hourly"
"i2.xlarge","$0.8530 hourly","$0.9130 hourly"
"m7gd.4xlarge","$0.8543 hourly","$0.9843 hourly"
"r7g.4xlarge","$0.8568 hourly","$0.9868 hourly"
"c5n.4xlarge","$0.8640 hourly","$1.0290 hourly"
"g4ad.4xlarge","$0.8670 hourly","$0.9970 hourly"
"p2.xlarge","$0.9000 hourly","$0.9600 hourly"
"i3en.2xlarge","$0.9040 hourly","$1.0690 hourly"
"m5d.4xlarge","$0.9040 hourly","$1.0690 hourly"
"r5a.4xlarge","$0.9040 hourly","$1.0340 hourly"
"r6a.4xlarge","$0.9072 hourly","$1.0722 hourly"
"c6in.4xlarge","$0.9072 hourly","$1.0372 hourly"
"r6gd.4xlarge","$0.9216 hourly","$1.0866 hourly"
"m7a.4xlarge","$0.9274 hourly","$1.0574 hourly"
"h1.4xlarge","$0.9360 hourly","$1.1010 hourly"
"m6id.4xlarge","$0.9492 hourly","$1.0792 hourly"
"m5n.4xlarge","$0.9520 hourly","$1.1170 hourly"
"m2.4xlarge","$0.9800 hourly","$1.1100 hourly"
"m5zn.3xlarge","$0.9910 hourly","$1.1560 hourly"
"c7gn.4xlarge","$0.9984 hourly","$1.1284 hourly"
"d3.2xlarge","$0.9990 hourly","$1.1640 hourly"
"g5.xlarge","$1.0060 hourly","$1.0660 hourly"
"r6i.4xlarge","$1.0080 hourly","$1.1380 hourly"
"r5.4xlarge","$1.0080 hourly","$1.1380 hourly"
"r5ad.4xlarge","$1.0480 hourly","$1.2130 hourly"
"d3en.2xlarge","$1.0510 hourly","$1.2160 hourly"
"r4.4xlarge","$1.0640 hourly","$1.2290 hourly"
"m5dn.4xlarge","$1.0880 hourly","$1.2530 hourly"
"c6g.8xlarge","$1.0880 hourly","$1.2180 hourly"
"r7gd.4xlarge","$1.0886 hourly","$1.2536 hourly"
"m6in.4xlarge","$1.1138 hourly","$1.2788 hourly"
"z1d.3xlarge","$1.1160 hourly","$1.2810 hourly"
"g3.4xlarge","$1.1400 hourly","$1.3050 hourly"
"r5d.4xlarge","$1.1520 hourly","$1.2820 hourly"
"is4gen.2xlarge","$1.1526 hourly","$1.2826 hourly"
"c7g.8xlarge","$1.1600 hourly","$1.2900 hourly"
"inf1.6xlarge","$1.1800 hourly","$1.3450 hourly"
"r5n.4xlarge","$1.1920 hourly","$1.3570 hourly"
"r5b.4xlarge","$1.1920 hourly","$1.3220 hourly"
"g4dn.4xlarge","$1.2040 hourly","$1.3690 hourly"
"r6id.4xlarge","$1.2096 hourly","$1.3746 hourly"
"g5.2xlarge","$1.2120 hourly","$1.3770 hourly"
"c6a.8xlarge","$1.2240 hourly","$1.3540 hourly"
"c6gd.8xlarge","$1.2288 hourly","$1.3938 hourly"
"m6g.8xlarge","$1.2320 hourly","$1.3970 hourly"
"c5a.8xlarge","$1.2320 hourly","$1.3620 hourly"
"i4g.4xlarge","$1.2355 hourly","$1.4005 hourly"
"i3.4xlarge","$1.2480 hourly","$1.3780 hourly"
"m6idn.4xlarge","$1.2730 hourly","$1.4030 hourly"
"vt1.6xlarge","$1.3000 hourly","$1.4300 hourly"
"m7g.8xlarge","$1.3056 hourly","$1.4706 hourly"
"r3.4xlarge","$1.3300 hourly","$1.4930 hourly"
"r5dn.4xlarge","$1.3360 hourly","$1.4660 hourly"
"x2gd.4xlarge","$1.3360 hourly","$1.4660 hourly"
"trn1.2xlarge","$1.3438 hourly","unavailable"
"i3en.3xlarge","$1.3560 hourly","$1.5210 hourly"
"c6i.8xlarge","$1.3600 hourly","$1.5250 hourly"
"g5g.8xlarge","$1.3720 hourly","$1.5370 hourly"
"i4i.4xlarge","$1.3730 hourly","$1.5380 hourly"
"m5a.8xlarge","$1.3760 hourly","$1.5410 hourly"
"c5ad.8xlarge","$1.3760 hourly","$1.5060 hourly"
"d2.2xlarge","$1.3800 hourly","$1.5450 hourly"
"c6gn.8xlarge","$1.3824 hourly","$1.5124 hourly"
"m6a.8xlarge","$1.3824 hourly","$1.5124 hourly"
"r6in.4xlarge","$1.3946 hourly","$1.5246 hourly"
"m6gd.8xlarge","$1.4464 hourly","$1.6114 hourly"
"c7gd.8xlarge","$1.4515 hourly","$1.5815 hourly"
"im4gn.4xlarge","$1.4552 hourly","$1.5852 hourly"
"c5.9xlarge","$1.5300 hourly","$1.6600 hourly"
"m7i-flex.8xlarge","$1.5322 hourly","$1.6622 hourly"
"m6i.8xlarge","$1.5360 hourly","$1.6660 hourly"
"m5.8xlarge","$1.5360 hourly","$1.6660 hourly"
"r6idn.4xlarge","$1.5631 hourly","$1.6931 hourly"
"c4.8xlarge","$1.5910 hourly","$1.7210 hourly"
"c6id.8xlarge","$1.6128 hourly","$1.7428 hourly"
"m7i.8xlarge","$1.6128 hourly","$1.7778 hourly"
"r6g.8xlarge","$1.6128 hourly","$1.7428 hourly"
"g5.4xlarge","$1.6240 hourly","$1.7890 hourly"
"c6g.12xlarge","$1.6320 hourly","$1.7970 hourly"
"m5ad.8xlarge","$1.6480 hourly","$1.7780 hourly"
"f1.2xlarge","$1.6500 hourly","$1.7800 hourly"
"x2iedn.2xlarge","$1.6672 hourly","$1.7973 hourly"
"x2iezn.2xlarge","$1.6680 hourly","$1.7980 hourly"
"x1e.2xlarge","$1.6680 hourly","$1.8330 hourly"
"c3.8xlarge","$1.6800 hourly","$1.8100 hourly"
"i2.2xlarge","$1.7050 hourly","$1.8710 hourly"
"m7gd.8xlarge","$1.7086 hourly","$1.8736 hourly"
"r7g.8xlarge","$1.7136 hourly","$1.8436 hourly"
"c5d.9xlarge","$1.7280 hourly","$1.8580 hourly"
"g4ad.8xlarge","$1.7340 hourly","$1.8640 hourly"
"c7g.12xlarge","$1.7400 hourly","$1.9050 hourly"
"r5a.8xlarge","$1.8080 hourly","$1.9380 hourly"
"m5d.8xlarge","$1.8080 hourly","$1.9730 hourly"
"r6a.8xlarge","$1.8144 hourly","$1.9794 hourly"
"c6in.8xlarge","$1.8144 hourly","$1.9794 hourly"
"c6a.12xlarge","$1.8360 hourly","$2.0010 hourly"
"c6gd.12xlarge","$1.8432 hourly","$1.9732 hourly"
"r6gd.8xlarge","$1.8432 hourly","$1.9732 hourly"
"c5a.12xlarge","$1.8480 hourly","$2.0130 hourly"
"m6g.12xlarge","$1.8480 hourly","$2.0130 hourly"
"m7a.8xlarge","$1.8547 hourly","$1.9847 hourly"
"h1.8xlarge","$1.8720 hourly","$2.0370 hourly"
"m6id.8xlarge","$1.8984 hourly","$2.0634 hourly"
"m5n.8xlarge","$1.9040 hourly","$2.0340 hourly"
"c5n.9xlarge","$1.9440 hourly","$2.1090 hourly"
"m7g.12xlarge","$1.9584 hourly","$2.1234 hourly"
"inf2.8xlarge","$1.9679 hourly","$2.0979 hourly"
"m5zn.6xlarge","$1.9820 hourly","$2.1470 hourly"
"c7gn.8xlarge","$1.9968 hourly","$2.1268 hourly"
"d3.4xlarge","$1.9980 hourly","$2.1630 hourly"
"m4.10xlarge","$2.0000 hourly","$2.1300 hourly"
"r5.8xlarge","$2.0160 hourly","$2.1460 hourly"
"r6i.8xlarge","$2.0160 hourly","$2.1460 hourly"
"c5.12xlarge","$2.0400 hourly","$2.1700 hourly"
"c6i.12xlarge","$2.0400 hourly","$2.1700 hourly"
"m5a.12xlarge","$2.0640 hourly","$2.1940 hourly"
"c5ad.12xlarge","$2.0640 hourly","$2.1940 hourly"
"c6gn.12xlarge","$2.0736 hourly","$2.2036 hourly"
"m6a.12xlarge","$2.0736 hourly","$2.2386 hourly"
"r5ad.8xlarge","$2.0960 hourly","$2.2610 hourly"
"d3en.4xlarge","$2.1030 hourly","$2.2330 hourly"
"r4.8xlarge","$2.1280 hourly","$2.2930 hourly"
"m6gd.12xlarge","$2.1696 hourly","$2.2996 hourly"
"g4dn.8xlarge","$2.1760 hourly","$2.3060 hourly"
"c6g.16xlarge","$2.1760 hourly","$2.3410 hourly"
"m5dn.8xlarge","$2.1760 hourly","$2.3060 hourly"
"c6g.metal","$2.1760 hourly","$2.3060 hourly"
"r7gd.8xlarge","$2.1773 hourly","$2.3423 hourly"
"c7gd.12xlarge","$2.1773 hourly","$2.3423 hourly"
"m6in.8xlarge","$2.2277 hourly","$2.3927 hourly"
"z1d.6xlarge","$2.2320 hourly","$2.3970 hourly"
"g3.8xlarge","$2.2800 hourly","$2.4100 hourly"
"m5.12xlarge","$2.3040 hourly","$2.4340 hourly"
"r5d.8xlarge","$2.3040 hourly","$2.4340 hourly"
"c5d.12xlarge","$2.3040 hourly","$2.4690 hourly"
"m6i.12xlarge","$2.3040 hourly","$2.4690 hourly"
"is4gen.4xlarge","$2.3052 hourly","$2.4702 hourly"
"c7g.16xlarge","$2.3200 hourly","$2.4500 hourly"
"c7g.metal","$2.3200 hourly","$2.4850 hourly"
"r5n.8xlarge","$2.3840 hourly","$2.5490 hourly"
"r5b.8xlarge","$2.3840 hourly","$2.5490 hourly"
"r6g.12xlarge","$2.4192 hourly","$2.5842 hourly"
"r6id.8xlarge","$2.4192 hourly","$2.5842 hourly"
"m7i.12xlarge","$2.4192 hourly","$2.5492 hourly"
"c6id.12xlarge","$2.4192 hourly","$2.5842 hourly"
"g5.8xlarge","$2.4480 hourly","$2.6130 hourly"
"c6a.16xlarge","$2.4480 hourly","$2.5780 hourly"
"c6gd.metal","$2.4576 hourly","$2.5876 hourly"
"c6gd.16xlarge","$2.4576 hourly","$2.6226 hourly"
"m6g.metal","$2.4640 hourly","$2.5940 hourly"
"m6g.16xlarge","$2.4640 hourly","$2.5940 hourly"
"c5a.16xlarge","$2.4640 hourly","$2.6290 hourly"
"i4g.8xlarge","$2.4710 hourly","$2.6010 hourly"
"m5ad.12xlarge","$2.4720 hourly","$2.6370 hourly"
"i3.8xlarge","$2.4960 hourly","$2.6610 hourly"
"m6idn.8xlarge","$2.5459 hourly","$2.7109 hourly"
"m7gd.12xlarge","$2.5628 hourly","$2.7278 hourly"
"r7g.12xlarge","$2.5704 hourly","$2.7354 hourly"
"g2.8xlarge","$2.6000 hourly","$2.7300 hourly"
"m7g.16xlarge","$2.6112 hourly","$2.7762 hourly"
"m7g.metal","$2.6112 hourly","$2.7412 hourly"
"r3.8xlarge","$2.6600 hourly","$2.8210 hourly"
"r5dn.8xlarge","$2.6720 hourly","$2.8370 hourly"
"x2gd.8xlarge","$2.6720 hourly","$2.8020 hourly"
"m5d.12xlarge","$2.7120 hourly","$2.8770 hourly"
"i3en.6xlarge","$2.7120 hourly","$2.8420 hourly"
"r5a.12xlarge","$2.7120 hourly","$2.8770 hourly"
"c6i.16xlarge","$2.7200 hourly","$2.8500 hourly"
"r6a.12xlarge","$2.7216 hourly","$2.8516 hourly"
"c6in.12xlarge","$2.7216 hourly","$2.8866 hourly"
"g5g.metal","$2.7440 hourly","$2.8740 hourly"
"g5g.16xlarge","$2.7440 hourly","$2.8740 hourly"
"i4i.8xlarge","$2.7460 hourly","$2.8760 hourly"
"m5a.16xlarge","$2.7520 hourly","$2.8820 hourly"
"c5ad.16xlarge","$2.7520 hourly","$2.8820 hourly"
"d2.4xlarge","$2.7600 hourly","$2.9250 hourly"
"r6gd.12xlarge","$2.7648 hourly","$2.8948 hourly"
"m6a.16xlarge","$2.7648 hourly","$2.9298 hourly"
"c6gn.16xlarge","$2.7648 hourly","$2.9298 hourly"
"m7a.12xlarge","$2.7821 hourly","$2.9471 hourly"
"r6in.8xlarge","$2.7893 hourly","$2.9193 hourly"
"m6id.12xlarge","$2.8476 hourly","$2.9776 hourly"
"m5n.12xlarge","$2.8560 hourly","$2.9860 hourly"
"m6gd.16xlarge","$2.8928 hourly","$3.0228 hourly"
"m6gd.metal","$2.8928 hourly","$3.0578 hourly"
"c7gd.16xlarge","$2.9030 hourly","$3.0680 hourly"
"im4gn.8xlarge","$2.9103 hourly","$3.0753 hourly"
"c7gn.12xlarge","$2.9952 hourly","$3.1252 hourly"
"r5.12xlarge","$3.0240 hourly","$3.1540 hourly"
"r6i.12xlarge","$3.0240 hourly","$3.1890 hourly"
"c5.18xlarge","$3.0600 hourly","$3.1900 hourly"
"p3.2xlarge","$3.0600 hourly","$3.1900 hourly"
"m6i.16xlarge","$3.0720 hourly","$3.2020 hourly"
"m5.16xlarge","$3.0720 hourly","$3.2370 hourly"
"r6idn.8xlarge","$3.1262 hourly","$3.2562 hourly"
"r5ad.12xlarge","$3.1440 hourly","$3.2740 hourly"
"d3en.6xlarge","$3.1540 hourly","$3.3190 hourly"
"m4.16xlarge","$3.2000 hourly","$3.3300 hourly"
"c6id.16xlarge","$3.2256 hourly","$3.3556 hourly"
"m7i.16xlarge","$3.2256 hourly","$3.3556 hourly"
"r6g.metal","$3.2256 hourly","$3.3906 hourly"
"r6g.16xlarge","$3.2256 hourly","$3.3556 hourly"
"m5dn.12xlarge","$3.2640 hourly","$3.4290 hourly"
"r7gd.12xlarge","$3.2659 hourly","$3.4309 hourly"
"m5ad.16xlarge","$3.2960 hourly","$3.4610 hourly"
"f1.4xlarge","$3.3000 hourly","$3.4650 hourly"
"x2iedn.4xlarge","$3.3345 hourly","$3.4645 hourly"
"x1e.4xlarge","$3.3360 hourly","$3.5010 hourly"
"x2iezn.4xlarge","$3.3360 hourly","$3.4660 hourly"
"m6in.12xlarge","$3.3415 hourly","$3.5065 hourly"
"i2.4xlarge","$3.4100 hourly","$3.5770 hourly"
"m7gd.16xlarge","$3.4171 hourly","$3.5471 hourly"
"r7g.metal","$3.4272 hourly","$3.5572 hourly"
"r7g.16xlarge","$3.4272 hourly","$3.5572 hourly"
"c5d.18xlarge","$3.4560 hourly","$3.5860 hourly"
"r5d.12xlarge","$3.4560 hourly","$3.6210 hourly"
"g4ad.16xlarge","$3.4680 hourly","$3.5980 hourly"
"cr1.8xlarge","$3.5000 hourly","$3.6300 hourly"
"r5n.12xlarge","$3.5760 hourly","$3.7410 hourly"
"r5b.12xlarge","$3.5760 hourly","$3.7410 hourly"
"m5d.16xlarge","$3.6160 hourly","$3.7460 hourly"
"r5a.16xlarge","$3.6160 hourly","$3.7460 hourly"
"r6a.16xlarge","$3.6288 hourly","$3.7938 hourly"
"r6id.12xlarge","$3.6288 hourly","$3.7938 hourly"
"c6in.16xlarge","$3.6288 hourly","$3.7938 hourly"
"c6a.24xlarge","$3.6720 hourly","$3.8020 hourly"
"r6gd.16xlarge","$3.6864 hourly","$3.8514 hourly"
"r6gd.metal","$3.6864 hourly","$3.8514 hourly"
"c5a.24xlarge","$3.6960 hourly","$3.8610 hourly"
"m7a.16xlarge","$3.7094 hourly","$3.8394 hourly"
"h1.16xlarge","$3.7440 hourly","$3.8740 hourly"
"m6id.16xlarge","$3.7968 hourly","$3.9268 hourly"
"m5n.16xlarge","$3.8080 hourly","$3.9380 hourly"
"m6idn.12xlarge","$3.8189 hourly","$3.9489 hourly"
"c5n.18xlarge","$3.8880 hourly","$4.0180 hourly"
"c5n.metal","$3.8880 hourly","$4.0530 hourly"
"g4dn.12xlarge","$3.9120 hourly","$4.0770 hourly"
"m5zn.metal","$3.9641 hourly","$4.1291 hourly"
"m5zn.12xlarge","$3.9641 hourly","$4.0941 hourly"
"c7gn.16xlarge","$3.9936 hourly","$4.1236 hourly"
"d3.8xlarge","$3.9955 hourly","$4.1605 hourly"
"x2gd.12xlarge","$4.0080 hourly","$4.1380 hourly"
"r5dn.12xlarge","$4.0080 hourly","$4.1730 hourly"
"r6i.16xlarge","$4.0320 hourly","$4.1620 hourly"
"r5.16xlarge","$4.0320 hourly","$4.1620 hourly"
"c5.metal","$4.0800 hourly","$4.2100 hourly"
"c5.24xlarge","$4.0800 hourly","$4.2100 hourly"
"c6i.24xlarge","$4.0800 hourly","$4.2100 hourly"
"g5.16xlarge","$4.0960 hourly","$4.2260 hourly"
"c5ad.24xlarge","$4.1280 hourly","$4.2930 hourly"
"m5a.24xlarge","$4.1280 hourly","$4.2930 hourly"
"m6a.24xlarge","$4.1472 hourly","$4.3122 hourly"
"r6in.12xlarge","$4.1839 hourly","$4.3139 hourly"
"r5ad.16xlarge","$4.1920 hourly","$4.3570 hourly"
"d3en.8xlarge","$4.2058 hourly","$4.3358 hourly"
"r4.16xlarge","$4.2560 hourly","$4.4210 hourly"
"m5dn.16xlarge","$4.3520 hourly","$4.4820 hourly"
"g4dn.16xlarge","$4.3520 hourly","$4.4820 hourly"
"r7gd.16xlarge","$4.3546 hourly","$4.4846 hourly"
"m6in.16xlarge","$4.4554 hourly","$4.5854 hourly"
"z1d.metal","$4.4640 hourly","$4.6290 hourly"
"z1d.12xlarge","$4.4640 hourly","$4.6290 hourly"
"g3.16xlarge","$4.5600 hourly","$4.7250 hourly"
"m5.24xlarge","$4.6080 hourly","$4.7380 hourly"
"m6i.24xlarge","$4.6080 hourly","$4.7730 hourly"
"c5d.24xlarge","$4.6080 hourly","$4.7730 hourly"
"m5.metal","$4.6080 hourly","$4.7730 hourly"
"c5d.metal","$4.6080 hourly","$4.7730 hourly"
"r5d.16xlarge","$4.6080 hourly","$4.7730 hourly"
"is4gen.8xlarge","$4.6104 hourly","$4.7404 hourly"
"r6idn.12xlarge","$4.6894 hourly","$4.8194 hourly"
"inf1.24xlarge","$4.7210 hourly","$4.8510 hourly"
"r5b.16xlarge","$4.7680 hourly","$4.9330 hourly"
"r5n.16xlarge","$4.7680 hourly","$4.8980 hourly"
"c6id.24xlarge","$4.8384 hourly","$5.0034 hourly"
"m7i.24xlarge","$4.8384 hourly","$4.9684 hourly"
"r6id.16xlarge","$4.8384 hourly","$4.9684 hourly"
"c6a.32xlarge","$4.8960 hourly","$5.0260 hourly"
"i4g.16xlarge","$4.9421 hourly","$5.0721 hourly"
"m5ad.24xlarge","$4.9440 hourly","$5.1090 hourly"
"i3.16xlarge","$4.9920 hourly","$5.1220 hourly"
"i3.metal","$4.9920 hourly","$5.1220 hourly"
"x2iezn.6xlarge","$5.0040 hourly","$5.1690 hourly"
"m6idn.16xlarge","$5.0918 hourly","$5.2218 hourly"
"vt1.24xlarge","$5.2000 hourly","$5.3300 hourly"
"r5dn.16xlarge","$5.3440 hourly","$5.5090 hourly"
"x2gd.metal","$5.3440 hourly","$5.4740 hourly"
"x2gd.16xlarge","$5.3440 hourly","$5.4740 hourly"
"m5d.24xlarge","$5.4240 hourly","$5.5890 hourly"
"i3en.12xlarge","$5.4240 hourly","$5.5540 hourly"
"r5a.24xlarge","$5.4240 hourly","$5.5540 hourly"
"m5d.metal","$5.4240 hourly","$5.5540 hourly"
"c6i.32xlarge","$5.4400 hourly","$5.6050 hourly"
"c6i.metal","$5.4400 hourly","$5.6050 hourly"
"c6in.24xlarge","$5.4432 hourly","$5.6082 hourly"
"r6a.24xlarge","$5.4432 hourly","$5.5732 hourly"
"i4i.16xlarge","$5.4910 hourly","$5.6560 hourly"
"d2.8xlarge","$5.5200 hourly","$5.6500 hourly"
"m6a.32xlarge","$5.5296 hourly","$5.6596 hourly"
"m7a.24xlarge","$5.5642 hourly","$5.6942 hourly"
"r6in.16xlarge","$5.5786 hourly","$5.7436 hourly"
"g5.12xlarge","$5.6720 hourly","$5.8370 hourly"
"m6id.24xlarge","$5.6952 hourly","$5.8252 hourly"
"m5n.metal","$5.7120 hourly","$5.8770 hourly"
"m5n.24xlarge","$5.7120 hourly","$5.8420 hourly"
"im4gn.16xlarge","$5.8207 hourly","$5.9507 hourly"
"r5.metal","$6.0480 hourly","$6.1780 hourly"
"r5.24xlarge","$6.0480 hourly","$6.1780 hourly"
"r6i.24xlarge","$6.0480 hourly","$6.2130 hourly"
"m6i.32xlarge","$6.1440 hourly","$6.3090 hourly"
"m6i.metal","$6.1440 hourly","$6.2740 hourly"
"r6idn.16xlarge","$6.2525 hourly","$6.3825 hourly"
"r5ad.24xlarge","$6.2880 hourly","$6.4530 hourly"
"d3en.12xlarge","$6.3086 hourly","$6.4736 hourly"
"c6id.32xlarge","$6.4512 hourly","$6.5812 hourly"
"c6id.metal","$6.4512 hourly","$6.5812 hourly"
"inf2.24xlarge","$6.4906 hourly","$6.6206 hourly"
"m5dn.24xlarge","$6.5280 hourly","$6.6580 hourly"
"m5dn.metal","$6.5280 hourly","$6.6930 hourly"
"x1.16xlarge","$6.6690 hourly","$6.8340 hourly"
"x2iedn.8xlarge","$6.6690 hourly","$6.7990 hourly"
"x2idn.16xlarge","$6.6690 hourly","$6.7990 hourly"
"x1e.8xlarge","$6.6720 hourly","$6.8370 hourly"
"x2iezn.8xlarge","$6.6720 hourly","$6.8020 hourly"
"m6in.24xlarge","$6.6830 hourly","$6.8130 hourly"
"i2.8xlarge","$6.8200 hourly","$6.9890 hourly"
"r5d.24xlarge","$6.9120 hourly","$7.0420 hourly"
"r5d.metal","$6.9120 hourly","$7.0770 hourly"
"r5n.24xlarge","$7.1520 hourly","$7.2820 hourly"
"r5b.24xlarge","$7.1520 hourly","$7.3170 hourly"
"r5n.metal","$7.1520 hourly","$7.3170 hourly"
"r5b.metal","$7.1520 hourly","$7.2820 hourly"
"p2.8xlarge","$7.2000 hourly","$7.3650 hourly"
"r6id.24xlarge","$7.2576 hourly","$7.3876 hourly"
"c6in.32xlarge","$7.2576 hourly","$7.4226 hourly"
"r6a.32xlarge","$7.2576 hourly","$7.4226 hourly"
"c6in.metal","$7.2576 hourly","$7.4226 hourly"
"c6a.48xlarge","$7.3440 hourly","$7.4740 hourly"
"c6a.metal","$7.3440 hourly","$7.4740 hourly"
"m7a.32xlarge","$7.4189 hourly","$7.5489 hourly"
"m6id.32xlarge","$7.5936 hourly","$7.7586 hourly"
"m6id.metal","$7.5936 hourly","$7.7236 hourly"
"m6idn.24xlarge","$7.6378 hourly","$7.8028 hourly"
"g4dn.metal","$7.8240 hourly","$7.9890 hourly"
"r5dn.metal","$8.0160 hourly","$8.1810 hourly"
"r5dn.24xlarge","$8.0160 hourly","$8.1810 hourly"
"r6i.metal","$8.0640 hourly","$8.1940 hourly"
"r6i.32xlarge","$8.0640 hourly","$8.1940 hourly"
"g5.24xlarge","$8.1440 hourly","$8.2740 hourly"
"m6a.48xlarge","$8.2944 hourly","$8.4594 hourly"
"m6a.metal","$8.2944 hourly","$8.4244 hourly"
"r6in.24xlarge","$8.3678 hourly","$8.5328 hourly"
"m6in.32xlarge","$8.9107 hourly","$9.0757 hourly"
"m6in.metal","$8.9107 hourly","$9.0757 hourly"
"r6idn.24xlarge","$9.3787 hourly","$9.5437 hourly"
"r6id.32xlarge","$9.6768 hourly","$9.8418 hourly"
"r6id.metal","$9.6768 hourly","$9.8418 hourly"
"m7i.48xlarge","$9.6768 hourly","$9.8068 hourly"
"x2idn.24xlarge","$10.0035 hourly","$10.1685 hourly"
"x2iezn.12xlarge","$10.0080 hourly","$10.1730 hourly"
"x2iezn.metal","$10.0080 hourly","$10.1730 hourly"
"m6idn.32xlarge","$10.1837 hourly","$10.3137 hourly"
"m6idn.metal","$10.1837 hourly","$10.3487 hourly"
"i3en.metal","$10.8480 hourly","$10.9780 hourly"
"i3en.24xlarge","$10.8480 hourly","$11.0130 hourly"
"r6a.48xlarge","$10.8864 hourly","$11.0514 hourly"
"r6a.metal","$10.8864 hourly","$11.0164 hourly"
"i4i.metal","$10.9820 hourly","$11.1120 hourly"
"i4i.32xlarge","$10.9824 hourly","$11.1474 hourly"
"m7a.metal-48xl","$11.1283 hourly","$11.2583 hourly"
"m7a.48xlarge","$11.1283 hourly","$11.2583 hourly"
"r6in.32xlarge","$11.1571 hourly","$11.2871 hourly"
"r6in.metal","$11.1571 hourly","$11.2871 hourly"
"p3.8xlarge","$12.2400 hourly","$12.3700 hourly"
"r6idn.32xlarge","$12.5050 hourly","$12.6350 hourly"
"r6idn.metal","$12.5050 hourly","$12.6700 hourly"
"inf2.48xlarge","$12.9813 hourly","$13.1113 hourly"
"dl1.24xlarge","$13.1090 hourly","$13.2390 hourly"
"f1.16xlarge","$13.2000 hourly","$13.3300 hourly"
"x2idn.32xlarge","$13.3380 hourly","$13.5030 hourly"
"x1.32xlarge","$13.3380 hourly","$13.4680 hourly"
"x2iedn.16xlarge","$13.3380 hourly","$13.5030 hourly"
"x2idn.metal","$13.3380 hourly","$13.4680 hourly"
"x1e.16xlarge","$13.3440 hourly","$13.5090 hourly"
"p2.16xlarge","$14.4000 hourly","$14.5650 hourly"
"g5.48xlarge","$16.2880 hourly","$16.4180 hourly"
"x2iedn.24xlarge","$20.0070 hourly","$20.1720 hourly"
"trn1.32xlarge","$21.5000 hourly","unavailable"
"p3.16xlarge","$24.4800 hourly","$24.6450 hourly"
"trn1n.32xlarge","$24.7800 hourly","unavailable"
"x2iedn.32xlarge","$26.6760 hourly","$26.8410 hourly"
"x2iedn.metal","$26.6760 hourly","$26.8060 hourly"
"x1e.32xlarge","$26.6880 hourly","$26.8530 hourly"
"u-3tb1.56xlarge","$27.3000 hourly","$27.4300 hourly"
"p3dn.24xlarge","$31.2120 hourly","$31.3420 hourly"
"p4d.24xlarge","$32.7726 hourly","$32.9026 hourly"
"p4de.24xlarge","$40.9657 hourly","$41.1307 hourly"
"u-6tb1.56xlarge","$46.4039 hourly","$46.5339 hourly"
"u-6tb1.112xlarge","$54.6000 hourly","$54.7650 hourly"
"u-9tb1.112xlarge","$81.9000 hourly","$82.0300 hourly"
"p5.48xlarge","$98.3200 hourly","$98.4850 hourly"
"u-12tb1.112xlarge","$109.2000 hourly","$109.3650 hourly"
"u-18tb1.112xlarge","$163.8000 hourly","$163.9300 hourly"
"u-24tb1.112xlarge","$218.4000 hourly","$218.5650 hourly"
"hpc7g.8xlarge","unavailable","unavailable"
"hpc7g.16xlarge","unavailable","unavailable"
"hpc7g.4xlarge","unavailable","unavailable"
"hs1.8xlarge","unavailable","unavailable"
"cc2.8xlarge","unavailable","unavailable"
"u-6tb1.metal","unavailable","unavailable"
"mac2.metal","unavailable","unavailable"
"u-9tb1.metal","unavailable","unavailable"
"u-12tb1.metal","unavailable","unavailable"
"i2.large","unavailable","unavailable"
"mac1.metal","unavailable","unavailable"